x_m,y_m,w_tr_right_m,w_tr_left_m,psi_rad,kappa_radpm,vx_mps
-4.682449,0.254435,1.1044,0.5738,-0.744857,0.702090,3.6115
-4.606724,0.189289,1.0385,0.6197,-0.676680,0.663015,3.6879
-4.526845,0.129296,0.9783,0.6720,-0.612274,0.626784,3.7665
-4.443371,0.074423,0.9235,0.7275,-0.551352,0.592996,3.8466
-4.356787,0.024588,0.8740,0.7781,-0.493710,0.561248,3.9280
-4.267548,-0.020314,0.8296,0.8332,-0.439142,0.531252,4.0106
-4.176047,-0.060419,0.7900,0.8920,-0.387502,0.502727,4.0943
-4.082650,-0.095878,0.7546,0.9480,-0.338643,0.475462,4.1790
-3.987670,-0.126862,0.7233,0.9787,-0.292457,0.449252,4.2649
-3.891398,-0.153552,0.6965,1.0052,-0.248841,0.423942,4.3520
-3.794078,-0.176141,0.6738,1.0277,-0.207718,0.399380,4.4406
-3.695935,-0.194829,0.6522,1.0524,-0.169013,0.375450,4.5308
-3.597158,-0.209823,0.6072,1.0752,-0.132676,0.352039,4.6228
-3.497917,-0.221334,0.5796,1.1033,-0.098653,0.329061,4.7168
-3.398347,-0.229577,0.5715,1.1364,-0.066909,0.306432,4.8131
-3.298574,-0.234767,0.5663,1.1743,-0.037410,0.284087,4.9120
-3.198691,-0.237123,0.5602,1.1903,-0.010134,0.261966,5.0137
-3.098782,-0.236865,0.5278,1.2001,0.014943,0.240023,5.1185
-2.998906,-0.234211,0.5155,1.2101,0.037834,0.218214,5.2269
-2.899112,-0.229379,0.5133,1.2239,0.058551,0.196507,5.3391
-2.799431,-0.222590,0.4884,1.2270,0.077103,0.174873,5.4546
-2.699884,-0.214060,0.4850,1.2299,0.093497,0.153291,5.5664
-2.600479,-0.204006,0.4829,1.2395,0.107736,0.131743,5.6750
-2.501215,-0.192645,0.4648,1.2437,0.119823,0.110216,5.7805
-2.402082,-0.180191,0.4514,1.2360,0.129761,0.088702,5.8831
-2.303063,-0.166859,0.4377,1.2356,0.137549,0.067194,5.9830
-2.204135,-0.152863,0.4235,1.2425,0.143188,0.045687,6.0803
-2.105273,-0.138410,0.4125,1.2459,0.146856,0.027749,6.1752
-2.006452,-0.123682,0.3976,1.2453,0.148733,0.009813,6.2678
-1.907648,-0.108834,0.3915,1.2526,0.149527,0.006099,6.3582
-1.808854,-0.093926,0.4065,1.2457,0.149951,0.002393,6.4465
-1.710064,-0.078988,0.4214,1.2307,0.150182,0.002230,6.5329
-1.611277,-0.064029,0.4018,1.2233,0.150397,0.002069,6.6175
-1.512494,-0.049049,0.4003,1.2239,0.150596,0.001909,6.7002
-1.413713,-0.034050,0.4153,1.2326,0.150778,0.001748,6.7813
-1.314935,-0.019034,0.4284,1.2214,0.150945,0.001587,6.8607
-1.216160,-0.004002,0.4072,1.2152,0.151096,0.001426,6.9385
-1.117386,0.011043,0.4100,1.2172,0.151230,0.001265,7.0149
-1.018614,0.026102,0.4251,1.2251,0.151348,0.001104,7.0898
-0.919844,0.041171,0.4402,1.2121,0.151451,0.000944,7.1634
-0.821076,0.056249,0.4553,1.1635,0.151537,0.000783,7.2356
-0.722309,0.071335,0.4590,1.0908,0.151607,0.000622,7.3065
-0.623542,0.086428,0.4437,1.0227,0.151661,0.000461,7.3762
-0.524777,0.101525,0.4507,0.9601,0.151699,0.000300,7.4447
-0.426011,0.116625,0.4647,0.9043,0.151721,0.000139,7.5121
-0.327246,0.131726,0.4524,0.8566,0.151727,-0.000021,7.5783
-0.228481,0.146827,0.4512,0.8183,0.151717,-0.000182,7.6435
-0.129716,0.161926,0.4375,0.7908,0.151691,-0.000343,7.7076
-0.030950,0.177022,0.4291,0.7754,0.151648,-0.000504,7.7708
0.067817,0.192113,0.4437,0.7672,0.151590,-0.000665,7.8329
0.166584,0.207197,0.4274,0.7649,0.151515,-0.000826,7.8941
0.265353,0.222273,0.4227,0.7755,0.151425,-0.000986,7.9544
0.364123,0.237340,0.4378,0.7985,0.151318,-0.001147,8.0138
0.462896,0.252395,0.4439,0.8226,0.151196,-0.001308,8.0724
0.561670,0.267437,0.4325,0.8468,0.151057,-0.001469,8.1301
0.660446,0.282465,0.4318,0.8817,0.150902,-0.001630,8.1870
0.759224,0.297476,0.4469,0.9262,0.150731,-0.001791,8.2431
0.858006,0.312470,0.4574,0.9789,0.150544,-0.001951,8.2984
0.956790,0.327445,0.4382,1.0386,0.150341,-0.002112,8.3530
1.055578,0.342399,0.4414,1.1041,0.150122,-0.002273,8.4068
1.154368,0.357330,0.4563,1.1273,0.149887,-0.002434,8.4600
1.253163,0.372237,0.4595,1.1288,0.149636,-0.002595,8.5124
1.351961,0.387119,0.4443,1.1176,0.149369,-0.002756,8.5642
1.450764,0.401974,0.4512,1.1154,0.149085,-0.002916,8.6153
1.549570,0.416799,0.4660,1.1221,0.148786,-0.003077,8.6657
1.648382,0.431595,0.4620,1.1247,0.148470,-0.003238,8.7156
1.747198,0.446358,0.4506,1.1240,0.148139,-0.003399,8.7648
1.846019,0.461088,0.4611,1.1293,0.147791,-0.003560,8.8134
1.944845,0.475783,0.4757,1.1322,0.147428,-0.003721,8.8614
2.043677,0.490441,0.4648,1.1331,0.147048,-0.003881,8.9088
2.142515,0.505060,0.4571,1.1427,0.146652,-0.004042,8.9557
2.241358,0.519640,0.4709,1.1322,0.146240,-0.004203,9.0020
2.340207,0.534178,0.4830,1.1258,0.145812,-0.004364,9.0478
2.439063,0.548673,0.4676,1.1283,0.145368,-0.004525,9.0931
2.537926,0.563124,0.4635,1.1386,0.144908,-0.004686,9.1379
2.636795,0.577528,0.4780,1.1242,0.144432,-0.004846,9.1821
2.735671,0.591884,0.4637,1.1106,0.143939,-0.005007,9.2259
2.834554,0.606191,0.4626,1.1060,0.143431,-0.005168,9.2691
2.933445,0.620447,0.4699,1.1025,0.142907,-0.005329,9.3119
3.032343,0.634650,0.4776,1.1073,0.142366,-0.005490,9.3543
3.131249,0.648799,0.4591,1.1047,0.141810,-0.005651,9.3961
3.230163,0.662892,0.4619,1.1018,0.141237,-0.005812,9.4376
3.329085,0.676927,0.4759,1.1081,0.140648,-0.005972,9.4786
3.428015,0.690904,0.4766,1.1232,0.140044,-0.006133,9.5191
3.526954,0.704820,0.4616,1.1299,0.139423,-0.006294,9.5593
3.625902,0.718673,0.4679,1.1377,0.138786,-0.006455,9.5990
3.724859,0.732463,0.4793,1.1380,0.138133,-0.006616,9.6383
3.823824,0.746188,0.4668,1.1471,0.137464,-0.006777,9.6772
3.922799,0.759845,0.4638,1.1483,0.136779,-0.006938,9.7157
4.021784,0.773434,0.4735,1.1502,0.136078,-0.007098,9.7273
4.120778,0.786952,0.4607,1.1605,0.135360,-0.007259,9.6816
4.219782,0.800399,0.4522,1.1593,0.134627,-0.007420,9.6355
4.318796,0.813773,0.4654,1.1544,0.133878,-0.007581,9.5889
4.417819,0.827071,0.4785,1.1139,0.133112,-0.007742,9.5419
4.516854,0.840293,0.4587,1.0424,0.132331,-0.007903,9.4944
4.615898,0.853436,0.4536,0.9759,0.131533,-0.008064,9.4465
4.714953,0.866500,0.4667,0.9156,0.130719,-0.008225,9.3981
4.814019,0.879483,0.4434,0.8628,0.129889,-0.008386,9.3492
4.913096,0.892382,0.4416,0.8189,0.129044,-0.008546,9.2998
5.012183,0.905197,0.4545,0.7854,0.128182,-0.008707,9.2499
5.111282,0.917925,0.4606,0.7636,0.127304,-0.008868,9.1995
5.210392,0.930566,0.4403,0.7547,0.126410,-0.009029,9.1486
5.309513,0.943117,0.4421,0.7558,0.125499,-0.009190,9.0972
5.408646,0.955578,0.4546,0.7455,0.124573,-0.009351,9.0452
5.507791,0.967946,0.4443,0.7410,0.123631,-0.009512,8.9926
5.606947,0.980219,0.4365,0.7501,0.122672,-0.009673,8.9395
5.706115,0.992397,0.4418,0.7721,0.121698,-0.009834,8.8858
5.805295,1.004477,0.4341,0.8061,0.120707,-0.009995,8.8315
5.904487,1.016458,0.4199,0.8507,0.119701,-0.010156,8.7766
6.003691,1.028338,0.4291,0.9042,0.118678,-0.010317,8.7210
6.102907,1.040117,0.4407,0.9652,0.117639,-0.010478,8.6648
6.202135,1.051791,0.4253,1.0283,0.116584,-0.010639,8.6080
6.301376,1.063360,0.4146,1.0944,0.115513,-0.010800,8.5504
6.400629,1.074822,0.4261,1.1263,0.114426,-0.010961,8.4922
6.499895,1.086175,0.4374,1.1205,0.113323,-0.011122,8.4333
6.599173,1.097418,0.4155,1.1238,0.112203,-0.011283,8.3736
6.698464,1.108548,0.4083,1.1359,0.111068,-0.011444,8.3132
6.797767,1.119568,0.4194,1.1548,0.109982,-0.010300,8.2520
6.897082,1.130485,0.3939,1.1683,0.109010,-0.009151,8.1900
6.996406,1.141320,0.3904,1.1607,0.108410,-0.002851,8.1271
7.095732,1.152127,0.4012,1.1500,0.108440,0.003467,8.0635
7.195055,1.162970,0.4120,1.1478,0.109165,0.011053,7.9989
7.294366,1.173922,0.4230,1.1542,0.110649,0.018644,7.9335
7.393656,1.185060,0.4176,1.1664,0.112891,0.026234,7.8672
7.492917,1.196458,0.4053,1.1550,0.115891,0.033825,7.7999
7.592138,1.208192,0.4073,1.1448,0.119653,0.041483,7.7316
7.691310,1.220336,0.4080,1.1428,0.124181,0.049142,7.6623
7.790421,1.232968,0.3900,1.1491,0.129486,0.057066,7.5920
7.889458,1.246165,0.3976,1.1634,0.135584,0.064992,7.5205
7.988408,1.260004,0.4099,1.1853,0.142477,0.072987,7.4480
8.087254,1.274565,0.4212,1.1939,0.150169,0.080986,7.3742
8.185978,1.289925,0.4097,1.1939,0.158660,0.088989,7.2993
8.284563,1.306162,0.4089,1.1993,0.167951,0.097000,7.2231
8.382985,1.323354,0.4245,1.1980,0.178043,0.105019,7.1456
8.481221,1.341578,0.4425,1.2023,0.188937,0.113050,7.0668
8.579245,1.360910,0.4616,1.1980,0.200634,0.121094,6.9865
8.677028,1.381427,0.4533,1.1929,0.213136,0.129156,6.9048
8.774539,1.403203,0.4544,1.1950,0.226444,0.137239,6.8215
8.871741,1.426315,0.4777,1.1905,0.240560,0.145348,6.7394
8.968597,1.450836,0.5023,1.1827,0.255489,0.153486,6.6594
9.065066,1.476839,0.5279,1.1747,0.271232,0.161660,6.5814
9.161102,1.504397,0.5330,1.1482,0.287794,0.169876,6.5055
9.256656,1.533581,0.5450,1.1283,0.305179,0.178140,6.4315
9.351676,1.564461,0.5654,1.1152,0.323393,0.186459,6.3594
9.446104,1.597105,0.5980,1.1059,0.342441,0.194843,6.2891
9.539878,1.631582,0.6236,1.0813,0.362330,0.203299,6.2207
9.632933,1.667956,0.6336,1.0636,0.383068,0.211839,6.1541
9.725196,1.706291,0.6574,1.0468,0.404664,0.220473,6.0894
9.816593,1.746649,0.6968,1.0166,0.427128,0.229213,6.0264
9.907042,1.789090,0.7387,0.9933,0.450470,0.238072,5.9653
9.996455,1.833670,0.7825,0.9691,0.474705,0.247065,5.9062
10.084741,1.880443,0.8032,0.9321,0.499845,0.256207,5.8489
10.171800,1.929461,0.8377,0.9022,0.525908,0.265517,5.7937
10.257528,1.980771,0.8845,0.8801,0.552908,0.275011,5.7406
10.341813,2.034416,0.9252,0.8468,0.580869,0.284713,5.6898
10.424539,2.090438,0.9628,0.8110,0.609809,0.294643,5.6413
10.505579,2.148869,1.0063,0.7522,0.639755,0.304828,5.5955
10.584803,2.209743,1.0599,0.6968,0.670731,0.315293,5.5525
10.662068,2.273080,1.1224,0.6493,0.702769,0.326072,5.5126
10.737231,2.338902,1.1879,0.6113,0.735900,0.337193,5.4762
10.810132,2.407217,1.2565,0.5544,0.770161,0.348697,5.4436
10.880609,2.478031,1.3095,0.4943,0.805592,0.360622,5.4153
10.948489,2.551336,1.3601,0.4453,0.842239,0.373016,5.3918
11.013590,2.627121,1.4189,0.4114,0.880147,0.385917,5.3739
11.075720,2.705358,1.4850,0.3963,0.919374,0.399393,5.3622
11.134686,2.786009,1.4891,0.3809,0.959741,0.408746,5.3549
11.190308,2.868997,1.4199,0.3832,1.001077,0.418801,5.3529
11.242436,2.954225,1.3443,0.4067,1.042525,0.410881,5.3508
11.291023,3.041522,1.2751,0.4357,1.083206,0.403576,5.3531
11.336057,3.130703,1.2127,0.4731,1.122964,0.392344,5.3592
11.377561,3.221580,1.1531,0.5240,1.161626,0.381678,5.3707
11.415569,3.313975,1.1028,0.5847,1.199251,0.371559,5.3871
11.450122,3.407717,1.0479,0.6379,1.235890,0.361945,5.4075
11.481263,3.502647,0.9875,0.6766,1.271593,0.352807,5.4316
11.509039,3.598617,0.9370,0.7241,1.306404,0.344102,5.4587
11.533499,3.695484,0.8981,0.7788,1.340367,0.335803,5.4884
11.554696,3.793118,0.8628,0.8195,1.373519,0.327879,5.5205
11.572683,3.891394,0.8348,0.8595,1.405898,0.320306,5.5546
11.587517,3.990196,0.7939,0.8912,1.437535,0.313059,5.5905
11.599253,4.089413,0.7670,0.9226,1.468465,0.306118,5.6278
11.607949,4.188943,0.7483,0.9566,1.498715,0.299462,5.6664
11.613663,4.288688,0.7154,0.9827,1.528314,0.293073,5.7061
11.616455,4.388559,0.6984,1.0152,1.557287,0.286934,5.7468
11.616382,4.488468,0.6838,1.0311,1.585659,0.281032,5.7883
11.613505,4.588337,0.6625,1.0499,1.613452,0.275349,5.8305
11.607881,4.688088,0.6405,1.0620,1.640688,0.269875,5.8733
11.599569,4.787652,0.6233,1.0762,1.667386,0.264596,5.9167
11.588629,4.886961,0.5895,1.0958,1.693567,0.259502,5.9605
11.575118,4.985953,0.5642,1.1024,1.719247,0.254581,6.0046
11.559093,5.084570,0.5585,1.1035,1.744444,0.249826,6.0491
11.540611,5.182756,0.5560,1.1010,1.769174,0.245226,6.0938
11.519730,5.280460,0.5574,1.1051,1.793452,0.240773,6.1387
11.496504,5.377634,0.5578,1.0927,1.817291,0.236458,6.1838
11.470989,5.474231,0.5388,1.0844,1.840707,0.232276,6.2290
11.443240,5.570211,0.5343,1.0830,1.863710,0.228218,6.2744
11.413309,5.665533,0.5411,1.0717,1.886314,0.224280,6.3198
11.381249,5.760161,0.5436,1.0582,1.908531,0.220453,6.3653
11.347114,5.854059,0.5527,1.0463,1.930370,0.216734,6.4108
11.310952,5.947197,0.5620,1.0294,1.951843,0.213116,6.4564
11.272816,6.039543,0.5903,1.0199,1.972960,0.209595,6.5020
11.232755,6.131071,0.6139,1.0032,1.993729,0.206165,6.5475
11.190817,6.221754,0.6318,0.9908,2.014160,0.202823,6.5931
11.147049,6.311569,0.6473,0.9864,2.034261,0.199564,6.6386
11.101500,6.400493,0.6706,0.9901,2.054040,0.196384,6.6841
11.054215,6.488506,0.6889,0.9988,2.073506,0.193280,6.7296
11.005239,6.575590,0.7099,1.0091,2.092665,0.190248,6.7751
10.954616,6.661728,0.7201,1.0135,2.111525,0.187285,6.8205
10.902391,6.746903,0.7357,1.0211,2.130091,0.184387,6.8659
10.848605,6.831101,0.7314,1.0209,2.148372,0.181552,6.9112
10.793301,6.914310,0.7116,1.0259,2.166372,0.178777,6.9565
10.736519,6.996519,0.6936,1.0211,2.184098,0.176058,7.0018
10.678300,7.077715,0.6844,1.0237,2.201555,0.173394,7.0470
10.618683,7.157891,0.6913,1.0342,2.218748,0.170782,7.0922
10.557707,7.237038,0.6854,1.0525,2.235683,0.168220,7.1373
10.495409,7.315149,0.6743,1.0602,2.252365,0.165705,7.1825
10.431827,7.392218,0.6735,1.0683,2.268797,0.163236,7.2275
10.366996,7.468240,0.6890,1.0762,2.284985,0.160810,7.2726
10.300952,7.543210,0.6967,1.0662,2.300933,0.158426,7.3177
10.233729,7.617126,0.6827,1.0584,2.316644,0.156081,7.3627
10.165362,7.689984,0.6796,1.0548,2.332123,0.153775,7.4078
10.095884,7.761783,0.6779,1.0564,2.347373,0.151504,7.4528
10.025327,7.832523,0.6770,1.0592,2.362399,0.149269,7.4979
9.953722,7.902202,0.6558,1.0699,2.377202,0.147066,7.5429
9.881102,7.970822,0.6458,1.0882,2.391787,0.144895,7.5880
9.807495,8.038383,0.6501,1.1001,2.406157,0.142755,7.6331
9.732933,8.104888,0.6309,1.1164,2.420314,0.140644,7.6782
9.657443,8.170338,0.6270,1.1235,2.434262,0.138560,7.7234
9.581055,8.234737,0.6339,1.1090,2.448003,0.136503,7.7686
9.503795,8.298088,0.6179,1.0916,2.461540,0.134472,7.8138
9.425691,8.360396,0.6050,1.0818,2.474875,0.132465,7.8591
9.346770,8.421664,0.6050,1.0799,2.488010,0.130480,7.9045
9.267056,8.481898,0.6117,1.0859,2.500949,0.128519,7.9499
9.186575,8.541104,0.6182,1.0998,2.513692,0.126578,7.9955
9.105353,8.599287,0.6131,1.1211,2.526243,0.124657,8.0411
9.023411,8.656455,0.6070,1.1253,2.538603,0.122756,8.0868
8.940775,8.712612,0.5761,1.1289,2.550774,0.120874,8.1326
8.857467,8.767768,0.5627,1.1241,2.562757,0.119009,8.1786
8.773508,8.821929,0.5589,1.1262,2.574555,0.117161,8.2246
8.688921,8.875104,0.5353,1.1360,2.586169,0.115329,8.2708
8.603728,8.927301,0.5197,1.1323,2.597601,0.113512,8.3172
8.517947,8.978528,0.5162,1.1283,2.608852,0.111710,8.3636
8.431601,9.028795,0.5163,1.1198,2.619924,0.109921,8.4103
8.344707,9.078110,0.5184,1.1127,2.630818,0.108147,8.4571
8.257286,9.126483,0.5076,1.1030,2.641535,0.106384,8.5041
8.169355,9.173925,0.4979,1.0930,2.652077,0.104634,8.5513
8.080933,9.220445,0.4894,1.0820,2.662444,0.102895,8.5986
7.992038,9.266053,0.4803,1.0713,2.672638,0.101167,8.6462
7.902686,9.310760,0.4653,1.0593,2.682660,0.099450,8.6940
7.812895,9.354578,0.4506,1.0556,2.692511,0.097742,8.7421
7.722679,9.397516,0.4310,1.0604,2.702192,0.096043,8.7903
7.632056,9.439587,0.4296,1.0472,2.711703,0.094354,8.8386
7.541040,9.480801,0.4147,1.0338,2.721046,0.092673,8.8863
7.449647,9.521171,0.4146,1.0121,2.730222,0.090999,8.9335
7.357890,9.560708,0.3981,0.9976,2.739238,0.089487,8.9801
7.265783,9.599424,0.3909,0.9735,2.748104,0.087981,9.0261
7.173340,9.637327,0.4076,0.9568,2.756849,0.087079,9.0716
7.080569,9.674424,0.3890,0.9315,2.765505,0.086186,9.1166
6.987483,9.710721,0.3900,0.9155,2.774079,0.085443,9.1611
6.894090,9.746222,0.4166,0.8894,2.782579,0.084708,9.2051
6.800401,9.780932,0.4301,0.8728,2.791006,0.083978,9.2486
6.706423,9.814854,0.4515,0.8644,2.799360,0.083255,9.2916
6.612166,9.847993,0.4693,0.8582,2.807642,0.082537,9.3342
6.517639,9.880354,0.4754,0.8523,2.815853,0.081825,9.3763
6.422851,9.911941,0.4824,0.8556,2.823993,0.081118,9.4179
6.327810,9.942758,0.4983,0.8603,2.832063,0.080417,9.4591
6.232525,9.972811,0.4911,0.8625,2.840063,0.079720,9.4999
6.137003,10.002104,0.4944,0.8596,2.847993,0.079029,9.5402
6.041252,10.030642,0.5182,0.8644,2.855855,0.078343,9.5801
5.945282,10.058430,0.5122,0.8711,2.863648,0.077662,9.6196
5.849098,10.085472,0.5059,0.8611,2.871374,0.076985,9.6588
5.752710,10.111774,0.4969,0.8552,2.879032,0.076313,9.6975
5.656123,10.137339,0.4923,0.8602,2.886623,0.075645,9.7358
5.559347,10.162174,0.5085,0.8617,2.894148,0.074982,9.7737
5.462386,10.186284,0.5203,0.8452,2.901607,0.074323,9.8113
5.365250,10.209672,0.5093,0.8395,2.909000,0.073667,9.8485
5.267944,10.232346,0.5134,0.8276,2.916328,0.073016,9.8853
5.170475,10.254308,0.5064,0.8222,2.923590,0.072369,9.9218
5.072850,10.275565,0.5143,0.7473,2.930789,0.071726,9.9579
4.975075,10.296123,0.5178,0.6686,2.937923,0.071086,9.9937
4.877156,10.315985,0.5296,0.5956,2.944994,0.070450,10.0291
4.779101,10.335157,0.5324,0.5310,2.952001,0.069817,10.0642
4.680913,10.353645,0.5479,0.4758,2.958945,0.069188,10.0990
4.582601,10.371454,0.5501,0.4194,2.965827,0.068562,10.1334
4.484168,10.388589,0.5633,0.3806,2.972646,0.067939,10.1675
4.385622,10.405055,0.5470,0.3651,2.979403,0.067320,10.2014
4.286967,10.420859,0.5313,0.3757,2.986098,0.066703,10.2349
4.188209,10.436004,0.5162,0.3863,2.992732,0.066089,10.2681
4.089353,10.450497,0.5019,0.4202,2.999305,0.065478,10.3010
3.990404,10.464343,0.4881,0.4726,3.005816,0.064870,10.3336
3.891368,10.477547,0.4774,0.5376,3.012267,0.064265,10.3659
3.792249,10.490115,0.4880,0.6003,3.018658,0.063662,10.3979
3.693052,10.502053,0.4993,0.6641,3.024989,0.063062,10.4297
3.593781,10.513365,0.4881,0.7326,3.031260,0.062464,10.4612
3.494443,10.524057,0.4774,0.7740,3.037471,0.061869,10.4924
3.395039,10.534135,0.4674,0.7840,3.043623,0.061276,10.4748
3.295576,10.543604,0.4640,0.7934,3.049716,0.060686,10.4355
3.196058,10.552471,0.4824,0.8023,3.055749,0.060097,10.3959
3.096488,10.560739,0.4903,0.8105,3.061725,0.059511,10.3559
2.996871,10.568415,0.4826,0.8182,3.067641,0.058927,10.3157
2.897210,10.575505,0.4755,0.8252,3.073500,0.058345,10.2751
2.797509,10.582013,0.4690,0.8317,3.079300,0.057765,10.2342
2.697773,10.587946,0.4631,0.8376,3.085043,0.057187,10.1930
2.598004,10.593309,0.4467,0.8430,3.090728,0.056610,10.1514
2.498207,10.598108,0.4113,0.8576,3.096355,0.056036,10.1094
2.398384,10.602348,0.3990,0.8828,3.101925,0.055463,10.0671
2.298539,10.606034,0.3953,0.9062,3.107441,0.054956,10.0244
2.198676,10.609172,0.3922,0.9098,3.112907,0.054451,9.9814
2.098797,10.611767,0.3896,0.9237,3.118334,0.054198,9.9380
1.998905,10.613820,0.3875,0.9474,3.123737,0.053947,9.8942
1.899004,10.615335,0.4029,0.9647,3.129118,0.053759,9.8500
1.799096,10.616314,0.4363,0.9648,3.134479,0.053572,9.8054
1.699184,10.616757,0.4358,0.9385,3.139823,0.053387,9.7604
1.599271,10.616668,0.4359,0.9217,-3.138038,0.053203,9.7150
1.499361,10.616048,0.4365,0.9151,-3.132731,0.053021,9.6691
1.399454,10.614898,0.4114,0.9139,-3.127443,0.052841,9.6229
1.299556,10.613221,0.3901,0.9122,-3.122172,0.052662,9.5762
1.199667,10.611018,0.3923,0.9100,-3.116920,0.052484,9.5290
1.099792,10.608291,0.3950,0.9073,-3.111662,0.052766,9.4815
0.999932,10.605037,0.3982,0.9041,-3.106375,0.053052,9.4334
0.900091,10.601251,0.4020,0.9003,-3.100972,0.055114,9.3849
0.800273,10.596915,0.4063,0.8959,-3.095362,0.057186,9.3358
0.700480,10.592009,0.4112,0.8910,-3.089524,0.059688,9.2863
0.600719,10.586507,0.4167,0.8855,-3.083435,0.062195,9.2363
0.500994,10.580386,0.4228,0.8843,-3.077096,0.064704,9.1858
0.401311,10.573620,0.4296,0.8937,-3.070505,0.067215,9.1347
0.301675,10.566184,0.4370,0.9133,-3.063664,0.069730,9.0831
0.202094,10.558055,0.4452,0.9071,-3.056571,0.072248,9.0310
0.102574,10.549207,0.4540,0.8983,-3.049227,0.074769,8.9783
0.003123,10.539616,0.4636,0.8956,-3.041631,0.077295,8.9250
-0.096251,10.529257,0.4740,0.9033,-3.033781,0.079824,8.8711
-0.195540,10.518106,0.4851,0.9210,-3.025679,0.082359,8.8167
-0.294733,10.506139,0.4971,0.9340,-3.017324,0.084899,8.7616
-0.393821,10.493330,0.5099,0.9421,-3.008714,0.087445,8.7058
-0.492794,10.479656,0.5236,0.9300,-2.999850,0.089998,8.6495
-0.591639,10.465093,0.5373,0.9153,-2.990730,0.092557,8.5924
-0.690346,10.449616,0.5181,0.9105,-2.981354,0.095124,8.5347
-0.788901,10.433202,0.5188,0.9156,-2.971721,0.097700,8.4763
-0.887291,10.415826,0.5362,0.9171,-2.961831,0.100284,8.4172
-0.985502,10.397466,0.5474,0.9111,-2.951682,0.102879,8.3573
-1.083518,10.378097,0.5357,0.9150,-2.941273,0.105483,8.2972
-1.181326,10.357696,0.5436,0.9222,-2.930603,0.108100,8.2377
-1.278907,10.336241,0.5652,0.9352,-2.919671,0.110728,8.1786
-1.376245,10.313706,0.5878,0.9176,-2.908476,0.113370,8.1200
-1.473322,10.290071,0.6115,0.9095,-2.897017,0.116026,8.0619
-1.570118,10.265312,0.6279,0.9112,-2.885291,0.118697,8.0041
-1.666613,10.239407,0.6277,0.9119,-2.873297,0.121384,7.9468
-1.762788,10.212333,0.6445,0.9027,-2.861035,0.124089,7.8898
-1.858619,10.184069,0.6672,0.8854,-2.848501,0.126812,7.8331
-1.954084,10.154594,0.6779,0.8634,-2.835694,0.129556,7.7768
-2.049160,10.123885,0.6858,0.8514,-2.822611,0.132320,7.7208
-2.143821,10.091921,0.7092,0.8496,-2.809252,0.135108,7.6651
-2.238043,10.058683,0.7204,0.8582,-2.795613,0.137919,7.6097
-2.331797,10.024150,0.7343,0.8555,-2.781691,0.140757,7.5545
-2.425056,9.988302,0.7380,0.8501,-2.767485,0.143621,7.4996
-2.517792,9.951119,0.7564,0.8353,-2.752991,0.146515,7.4448
-2.609973,9.912583,0.7884,0.8308,-2.738206,0.149440,7.3903
-2.701568,9.872674,0.8285,0.8368,-2.723128,0.152398,7.3359
-2.792545,9.831376,0.8444,0.8531,-2.707752,0.155389,7.2817
-2.882870,9.788670,0.8632,0.8622,-2.692076,0.158419,7.2276
-2.972508,9.744540,0.8791,0.8766,-2.676095,0.161487,7.1737
-3.061422,9.698969,0.8770,0.8875,-2.659805,0.164598,7.1198
-3.149574,9.651943,0.8699,0.8997,-2.643202,0.167751,7.0660
-3.236926,9.603445,0.8730,0.9068,-2.626282,0.170952,7.0123
-3.323437,9.553463,0.8822,0.9167,-2.609040,0.174202,6.9587
-3.409064,9.501983,0.8969,0.9355,-2.591471,0.177504,6.9050
-3.493766,9.448992,0.8952,0.9580,-2.573569,0.180861,6.8514
-3.577495,9.394479,0.8980,0.9786,-2.555328,0.184278,6.7978
-3.660208,9.338434,0.8799,0.9975,-2.536743,0.187755,6.7441
-3.741853,9.280848,0.8212,1.0145,-2.517807,0.191299,6.6904
-3.822384,9.221711,0.7726,1.0297,-2.498514,0.194912,6.6367
-3.901747,9.161018,0.7364,1.0429,-2.478857,0.198599,6.5829
-3.979891,9.098761,0.7143,1.0576,-2.458827,0.202362,6.5289
-4.056760,9.034938,0.7051,1.0737,-2.438417,0.206209,6.4749
-4.132298,8.969544,0.6570,1.0936,-2.417618,0.210142,6.4207
-4.206445,8.902580,0.6152,1.1201,-2.396422,0.214168,6.3664
-4.279144,8.834043,0.5897,1.1526,-2.374818,0.218291,6.3119
-4.350329,8.763939,0.5826,1.1699,-2.352798,0.222518,6.2572
-4.419940,8.692268,0.5750,1.1909,-2.330350,0.226854,6.2023
-4.487906,8.619039,0.5570,1.2066,-2.307463,0.231307,6.1472
-4.554164,8.544257,0.5463,1.2238,-2.284125,0.235882,6.0919
-4.618640,8.467937,0.5345,1.2363,-2.260323,0.240589,6.0363
-4.681263,8.390087,0.5436,1.2496,-2.236044,0.245433,5.9804
-4.741958,8.310727,0.5561,1.2612,-2.211274,0.250426,5.9242
-4.800649,8.229871,0.5719,1.2630,-2.185998,0.255575,5.8677
-4.857255,8.147545,0.5707,1.2702,-2.160198,0.260891,5.8109
-4.911697,8.063770,0.5790,1.2826,-2.133859,0.266383,5.7537
-4.963889,7.978578,0.5984,1.3000,-2.106962,0.272065,5.6962
-5.013748,7.891996,0.5773,1.3093,-2.079487,0.277947,5.6382
-5.061182,7.804066,0.5486,1.3222,-2.051414,0.284044,5.5799
-5.106102,7.714823,0.5333,1.3267,-2.022720,0.290369,5.5211
-5.148413,7.624317,0.5290,1.3312,-1.993382,0.296939,5.4618
-5.188022,7.532593,0.5462,1.3349,-1.963375,0.303771,5.4021
-5.224828,7.439712,0.5399,1.3313,-1.932672,0.310883,5.3418
-5.258732,7.345730,0.5283,1.3322,-1.901243,0.318295,5.2810
-5.289630,7.250721,0.5060,1.3374,-1.869057,0.326029,5.2197
-5.317417,7.154753,0.5061,1.3361,-1.836082,0.334111,5.1578
-5.341985,7.057914,0.5063,1.3322,-1.802281,0.342564,5.0953
-5.363225,6.960288,0.5159,1.3151,-1.767615,0.351421,5.0322
-5.381024,6.861980,0.5208,1.3019,-1.732043,0.360710,4.9684
-5.395269,6.763092,0.5396,1.2818,-1.695520,0.370471,4.9040
-5.405844,6.663748,0.5328,1.2623,-1.657997,0.380736,4.8389
-5.412632,6.564071,0.5433,1.2468,-1.619421,0.391558,4.7730
-5.415517,6.464207,0.5748,1.2219,-1.579734,0.402974,4.7064
-5.414379,6.364306,0.5937,1.1994,-1.538874,0.415051,4.6390
-5.409100,6.264542,0.6186,1.1807,-1.496772,0.427834,4.5709
-5.399561,6.165092,0.6377,1.1661,-1.453355,0.441408,4.5019
-5.385647,6.066162,0.6516,1.1341,-1.408539,0.455830,4.4320
-5.367242,5.967966,0.6701,1.0970,-1.362237,0.471209,4.3614
-5.344237,5.870749,0.6931,1.0614,-1.314345,0.487616,4.2898
-5.316522,5.774766,0.7210,1.0295,-1.264759,0.505195,4.2174
-5.284000,5.680307,0.7537,0.9970,-1.213352,0.524037,4.1441
-5.246578,5.587679,0.7914,0.9548,-1.159994,0.544333,4.0699
-5.204176,5.497225,0.8343,0.8899,-1.104527,0.566204,3.9950
-5.156725,5.409313,0.8811,0.8273,-1.046791,0.589907,3.9193
-5.104179,5.324352,0.9327,0.7677,-0.986581,0.615607,3.8430
-5.046508,5.242783,0.9699,0.7116,-0.923698,0.643657,3.7661
-4.983714,5.165092,1.0210,0.6501,-0.857875,0.674291,3.6890
-4.915830,5.091807,1.0649,0.5910,-0.788855,0.708005,3.6121
-4.842938,5.023508,1.1187,0.5377,-0.716282,0.745146,3.5356
-4.765165,4.960822,1.1842,0.4919,-0.639818,0.786414,3.4606
-4.682714,4.904441,1.1671,0.4558,-0.558979,0.832344,3.3879
-4.595862,4.855107,1.1367,0.4315,-0.473299,0.884094,3.3193
-4.505002,4.813637,1.0777,0.4204,-0.382092,0.942444,3.2572
-4.410642,4.780898,1.0220,0.4018,-0.284718,1.008746,3.2054
-4.313478,4.757831,0.9782,0.3976,-0.180193,1.084348,3.1695
-4.214380,4.745364,0.9535,0.4076,-0.069166,1.141105,3.1460
-4.114547,4.744265,0.9457,0.4087,0.048396,1.213394,3.1448
-4.015286,4.755036,0.9545,0.3979,0.166911,1.161904,3.1436
-3.917916,4.777253,0.9767,0.3978,0.281201,1.128390,3.1588
-3.823648,4.810183,1.0094,0.3901,0.389479,1.040451,3.1809
-3.733284,4.852738,0.9973,0.3956,0.489493,0.963761,3.2256
-3.647436,4.903771,0.9104,0.4162,0.581886,0.886450,3.2849
-3.566427,4.962213,0.8307,0.4504,0.666855,0.815810,3.3569
-3.490453,5.027056,0.7537,0.4957,0.745076,0.750457,3.4382
-3.419542,5.097419,0.6826,0.5433,0.816953,0.689181,3.5266
-3.353646,5.172492,0.6200,0.5903,0.882896,0.631095,3.6211
-3.292607,5.251579,0.5621,0.6243,0.943144,0.575438,3.7211
-3.236217,5.334038,0.5200,0.6597,0.997943,0.521647,3.8265
-3.184195,5.419332,0.4983,0.7032,1.047429,0.469228,3.9373
-3.136231,5.506966,0.4650,0.7516,1.091740,0.417826,4.0540
-3.091963,5.596534,0.4561,0.7964,1.130946,0.367125,4.1770
-3.051012,5.687660,0.4429,0.8201,1.165117,0.316920,4.3072
-3.012963,5.780044,0.4440,0.8361,1.194285,0.267017,4.4453
-2.977395,5.873407,0.4431,0.8410,1.218480,0.217315,4.5923
-2.943859,5.967524,0.4263,0.8537,1.237713,0.167707,4.7348
-2.911907,6.062188,0.4173,0.8692,1.251994,0.118161,4.8715
-2.881073,6.157225,0.4250,0.8802,1.261325,0.068628,5.0029
-2.850892,6.252470,0.4428,0.8907,1.265709,0.019112,5.1296
-2.820893,6.347773,0.4341,0.8916,1.265144,-0.030403,5.2519
-2.790604,6.442985,0.4116,0.8966,1.259634,-0.079909,5.2862
-2.759557,6.537950,0.4120,0.8988,1.249176,-0.129414,5.1623
-2.727284,6.632508,0.4008,0.8909,1.233773,-0.178939,5.0341
-2.693327,6.726470,0.4016,0.8889,1.213418,-0.228487,4.9013
-2.657235,6.819636,0.3980,0.8935,1.188191,-0.276541,4.7824
-2.618585,6.911764,0.3976,0.8878,1.158152,-0.324715,4.6772
-2.576975,7.002597,0.3959,0.8878,1.123623,-0.366568,4.5826
-2.532070,7.091840,0.4055,0.8952,1.084886,-0.408872,4.4989
-2.483557,7.179179,0.4107,0.8843,1.041982,-0.450148,4.4260
-2.431170,7.264243,0.4020,0.8831,0.994905,-0.492291,4.3647
-2.374660,7.346631,0.4086,0.8805,0.943571,-0.535596,4.3165
-2.313829,7.425871,0.3958,0.8944,0.887830,-0.580265,4.2834
-2.248514,7.501465,0.3987,0.9180,0.827981,-0.618222,4.2640
-2.178664,7.572875,0.3998,0.9348,0.764210,-0.658217,4.2613
-2.104313,7.639591,0.3944,0.9509,0.698443,-0.658805,4.2585
-2.025733,7.701270,0.3911,0.9709,0.632456,-0.662221,4.2569
-1.943282,7.757663,0.3943,0.9913,0.567791,-0.632586,4.2552
-1.857425,7.808738,0.3993,0.9924,0.505959,-0.605543,4.2664
-1.768644,7.854535,0.4075,0.9770,0.447057,-0.573777,4.2876
-1.677380,7.895171,0.4199,0.9773,0.391241,-0.543873,4.3196
-1.584045,7.930788,0.4074,0.9932,0.338326,-0.515534,4.3606
-1.488995,7.961553,0.4141,1.0058,0.288179,-0.488550,4.4090
-1.392560,7.987641,0.4392,1.0324,0.240663,-0.462715,4.4637
-1.295017,8.009245,0.4602,1.0439,0.195683,-0.437861,4.5238
-1.196625,8.026562,0.4773,1.0628,0.153140,-0.413829,4.5887
-1.097598,8.039797,0.4904,1.0618,0.112966,-0.390500,4.6580
-0.998132,8.049158,0.4997,1.0538,0.075089,-0.367754,4.7312
-0.898386,8.054859,0.5227,1.0589,0.039463,-0.345501,4.8084
-0.798504,8.057113,0.5593,1.0767,0.006036,-0.323653,4.8892
-0.698599,8.056137,0.5777,1.0950,-0.025223,-0.302139,4.9737
-0.598770,8.052145,0.5955,1.1021,-0.054348,-0.280896,5.0619
-0.499091,8.045354,0.6210,1.1208,-0.081361,-0.259871,5.1539
-0.399622,8.035976,0.6484,1.1026,-0.106282,-0.239018,5.2498
-0.300404,8.024226,0.6816,1.0537,-0.129127,-0.218300,5.3499
-0.201467,8.010315,0.7068,1.0125,-0.149908,-0.197683,5.4542
-0.102822,7.994453,0.7301,0.9705,-0.168632,-0.177141,5.5631
-0.004474,7.976847,0.7428,0.9162,-0.185307,-0.156654,5.6718
0.093587,7.957704,0.7423,0.8715,-0.199936,-0.136203,5.7774
0.191379,7.937228,0.7505,0.8377,-0.212524,-0.115778,5.8800
0.288927,7.915622,0.7647,0.7966,-0.223072,-0.095367,5.9800
0.386265,7.893088,0.7661,0.7648,-0.231582,-0.074966,6.0774
0.483432,7.869825,0.7741,0.7459,-0.238053,-0.054567,6.1723
0.580471,7.846033,0.7821,0.7310,-0.242486,-0.034172,6.2650
0.677428,7.821910,0.7911,0.6825,-0.244881,-0.013776,6.3555
0.774351,7.797653,0.8122,0.6400,-0.245239,0.006618,6.4439
0.871291,7.773460,0.8340,0.6110,-0.243558,0.027013,6.5304
0.968296,7.749529,0.8671,0.5709,-0.239841,0.047406,6.6149
1.065412,7.726058,0.8974,0.5416,-0.234085,0.067800,6.6977
1.162686,7.703246,0.9317,0.5252,-0.226293,0.088196,6.7788
1.260156,7.681291,0.9758,0.5079,-0.216461,0.108597,6.8583
1.357859,7.660395,1.0180,0.4771,-0.204592,0.129011,6.9362
1.455823,7.640761,1.0370,0.4464,-0.190681,0.149443,6.9410
1.554069,7.622591,1.0576,0.4354,-0.174728,0.169910,6.8812
1.652608,7.606092,1.0799,0.4255,-0.156727,0.190422,6.8333
1.751444,7.591470,1.1059,0.4139,-0.136675,0.211001,6.7977
1.850565,7.578935,1.1420,0.3975,-0.114561,0.231617,6.7749
1.949950,7.568689,1.1875,0.3844,-0.090645,0.247154,6.7620
2.049555,7.560901,1.2324,0.3922,-0.065168,0.262642,6.7594
2.149329,7.555692,1.2547,0.3974,-0.039252,0.256155,6.7568
2.249204,7.553039,1.2565,0.4001,-0.013975,0.249775,6.7587
2.349114,7.552864,1.2687,0.4003,0.010228,0.234727,6.7648
2.449002,7.555033,1.2908,0.4003,0.032934,0.219802,6.7808
2.548817,7.559393,1.3177,0.4225,0.054111,0.204120,6.8060
2.648524,7.565787,1.3511,0.4357,0.073725,0.188521,6.8406
2.748092,7.574059,1.3515,0.4321,0.091785,0.172988,6.8843
2.847504,7.584050,1.3039,0.4291,0.108295,0.157505,6.9366
2.946745,7.595605,1.2582,0.4475,0.123260,0.142061,6.9973
3.045813,7.608567,1.2124,0.4424,0.136683,0.126644,7.0663
3.144709,7.622781,1.1700,0.4282,0.148567,0.111247,7.1403
3.243441,7.638094,1.1256,0.4129,0.158913,0.095863,7.2129
3.342022,7.654352,1.0858,0.4074,0.167723,0.080488,7.2842
3.440469,7.671402,1.0423,0.4252,0.174997,0.065118,7.3543
3.538803,7.689092,1.0075,0.4637,0.180735,0.049750,7.4232
3.637048,7.707270,0.9660,0.4996,0.184938,0.034383,7.4909
3.735230,7.725787,0.9319,0.5363,0.187606,0.019017,7.4677
3.833377,7.744489,0.9066,0.5728,0.188739,0.003651,7.3943
3.931517,7.763228,0.8830,0.5938,0.188336,-0.011715,7.3197
4.029679,7.781851,0.8628,0.6165,0.186398,-0.027081,7.2438
4.127891,7.800209,0.8359,0.5722,0.182924,-0.042447,7.1667
4.226180,7.818150,0.7970,0.5359,0.177915,-0.057814,7.0882
4.324570,7.835523,0.7609,0.5171,0.171371,-0.073182,7.0083
4.423085,7.852177,0.7225,0.5151,0.163292,-0.088554,6.9270
4.521744,7.867957,0.6869,0.5178,0.153676,-0.103933,6.8442
4.620560,7.882713,0.6543,0.5404,0.142523,-0.119322,6.7597
4.719546,7.896289,0.6288,0.5806,0.129832,-0.134728,6.6737
4.818705,7.908532,0.6044,0.6352,0.115600,-0.150158,6.5885
4.918037,7.919286,0.5738,0.6985,0.099825,-0.165621,6.5101
5.017532,7.928395,0.5440,0.7629,0.082503,-0.181128,6.4383
5.117176,7.935701,0.5171,0.8355,0.063629,-0.196694,6.3733
5.216944,7.941048,0.4846,0.9145,0.043196,-0.212334,6.3152
5.316803,7.944277,0.4551,0.9819,0.021196,-0.228070,6.2644
5.416708,7.945230,0.4442,0.9363,-0.002382,-0.243921,6.2210
5.516608,7.943748,0.4118,0.9018,-0.027550,-0.259915,6.1855
5.616434,7.939673,0.3974,0.8776,-0.054326,-0.276051,6.1583
5.716111,7.932851,0.3822,0.8311,-0.082565,-0.289264,6.1381
5.815548,7.923151,0.3725,0.7861,-0.112137,-0.302617,6.1252
5.914649,7.910470,0.3776,0.7525,-0.142412,-0.303473,6.1123
6.013320,7.894791,0.4051,0.7287,-0.172788,-0.304597,6.0991
6.111469,7.876121,0.4097,0.7083,-0.203127,-0.302750,6.0859
6.209009,7.854491,0.4310,0.6878,-0.233295,-0.301180,6.0707
6.305853,7.829936,0.4410,0.6570,-0.263319,-0.299880,6.0536
6.401919,7.802490,0.4523,0.6314,-0.293228,-0.298848,6.0347
6.497122,7.772189,0.4607,0.6042,-0.323046,-0.298084,6.0139
6.591382,7.739066,0.4781,0.5822,-0.352801,-0.297583,5.9914
6.684614,7.703155,0.4955,0.5747,-0.382519,-0.297345,5.9672
6.776738,7.664490,0.5207,0.5747,-0.412227,-0.297368,5.9412
6.867673,7.623106,0.5424,0.5774,-0.441950,-0.297654,5.9137
6.957337,7.579035,0.5518,0.5580,-0.471715,-0.298203,5.8845
7.045649,7.532313,0.5758,0.5542,-0.501547,-0.299015,5.8539
7.132525,7.482974,0.6022,0.5389,-0.531475,-0.300095,5.8217
7.217883,7.431052,0.6258,0.5411,-0.561523,-0.301443,5.7880
7.301639,7.376584,0.6465,0.5319,-0.591720,-0.303064,5.7529
7.383706,7.319604,0.6642,0.5384,-0.622092,-0.304962,5.7164
7.464000,7.260150,0.6870,0.5287,-0.652669,-0.307143,5.6786
7.542432,7.198261,0.7202,0.5311,-0.683477,-0.309612,5.6395
7.618911,7.133975,0.7470,0.5507,-0.714547,-0.312377,5.5990
7.693347,7.067334,0.7746,0.5615,-0.745908,-0.315445,5.5574
7.765646,6.998380,0.8107,0.5853,-0.777591,-0.318826,5.5146
7.835712,6.927158,0.8480,0.6044,-0.809628,-0.322529,5.4706
7.903446,6.853716,0.8439,0.6279,-0.842052,-0.326566,5.4254
7.968749,6.778103,0.8367,0.6533,-0.874896,-0.330949,5.3792
8.031515,6.700372,0.8345,0.6828,-0.908196,-0.335693,5.3319
8.091640,6.620580,0.8408,0.7143,-0.941989,-0.340814,5.2837
8.149012,6.538788,0.8467,0.7502,-0.976313,-0.346328,5.2344
8.203520,6.455059,0.8477,0.7884,-1.011208,-0.352255,5.1843
8.255048,6.369465,0.8553,0.8301,-1.046717,-0.358617,5.1332
8.303476,6.282079,0.8617,0.8756,-1.082884,-0.365438,5.0814
8.348681,6.192984,0.8385,0.9020,-1.119757,-0.372743,5.0287
8.390538,6.102267,0.8167,0.9347,-1.157385,-0.380565,4.9754
8.428914,6.010026,0.8030,0.9798,-1.195822,-0.388933,4.9214
8.463678,5.916362,0.7978,1.0358,-1.235123,-0.397887,4.8669
8.494692,5.821392,0.8011,1.0946,-1.275351,-0.407465,4.8121
8.521813,5.725237,0.7852,1.1434,-1.316568,-0.417718,4.7571
8.544899,5.628036,0.7588,1.1853,-1.358846,-0.428692,4.7020
8.563800,5.529934,0.7385,1.2298,-1.402258,-0.440452,4.6471
8.578367,5.431098,0.7140,1.2831,-1.446888,-0.453057,4.5924
8.588446,5.331703,0.6792,1.3404,-1.492821,-0.466590,4.5384
8.593881,5.231948,0.6369,1.4060,-1.540158,-0.481126,4.4853
8.594515,5.132045,0.6034,1.4478,-1.589000,-0.496774,4.4335
8.590191,5.032238,0.5765,1.4870,-1.639467,-0.513632,4.3835
8.580751,4.932782,0.5366,1.5137,-1.691682,-0.531839,4.3360
8.566042,4.833971,0.5048,1.5510,-1.745792,-0.551529,4.2917
8.545911,4.736118,0.4849,1.5831,-1.801948,-0.572902,4.2516
8.520215,4.639583,0.4597,1.6243,-1.860335,-0.596125,4.2170
8.488816,4.544745,0.4284,1.5390,-1.921137,-0.621426,4.1894
8.451593,4.452046,0.4129,1.4513,-1.984590,-0.649045,4.1708
8.408450,4.361942,0.4143,1.3612,-2.050460,-0.670050,4.1595
8.359379,4.274937,0.4021,1.2741,-2.118592,-0.694136,4.1578
8.304450,4.191502,0.3943,1.1929,-2.187194,-0.679656,4.1562
8.243983,4.111986,0.4048,1.1193,-2.254520,-0.668552,4.1609
8.178373,4.036660,0.4116,1.0551,-2.319674,-0.636029,4.1695
8.108105,3.965650,0.4122,1.0022,-2.381703,-0.606102,4.1904
8.033674,3.899022,0.4276,0.9486,-2.440674,-0.574601,4.2210
7.955537,3.836771,0.4591,0.8869,-2.496585,-0.544955,4.2609
7.874130,3.778868,0.4770,0.8375,-2.549623,-0.516908,4.3084
7.789838,3.725243,0.4941,0.8024,-2.599922,-0.490216,4.3622
7.703022,3.675811,0.5136,0.7750,-2.647620,-0.464692,4.4213
7.614002,3.630461,0.5331,0.7295,-2.692813,-0.440154,4.4850
7.523076,3.589069,0.5624,0.6881,-2.735602,-0.416462,4.5529
7.430503,3.551495,0.5885,0.6568,-2.776057,-0.393482,4.6244
7.336527,3.517590,0.5949,0.6437,-2.814249,-0.371107,4.6995
7.241355,3.487190,0.6142,0.6362,-2.850230,-0.349235,4.7779
7.145183,3.460131,0.6414,0.6091,-2.884050,-0.327787,4.8596
7.048173,3.436234,0.6654,0.5927,-2.915742,-0.306686,4.9445
6.950477,3.415322,0.6864,0.5960,-2.945343,-0.285873,5.0328
6.852223,3.397208,0.7045,0.5963,-2.972875,-0.265290,5.1245
6.753523,3.381704,0.7201,0.5808,-2.998361,-0.244894,5.2198
6.654472,3.368620,0.7150,0.5779,-3.021816,-0.224641,5.3188
6.555154,3.357762,0.7026,0.5943,-3.043254,-0.204502,5.4218
6.455632,3.348936,0.7022,0.5986,-3.062683,-0.184447,5.5290
6.355966,3.341945,0.7092,0.5916,-3.080113,-0.164455,5.6387
6.256197,3.336592,0.7146,0.5862,-3.095547,-0.144505,5.7452
6.156362,3.332681,0.6960,0.5954,-3.108990,-0.124587,5.8487
6.056485,3.330013,0.6776,0.6220,-3.120443,-0.104686,5.9495
5.956586,3.328389,0.6726,0.6292,-3.129909,-0.084797,6.0477
5.856676,3.327612,0.6734,0.6174,-3.137388,-0.064913,6.1433
5.756764,3.327483,0.6624,0.5578,3.140305,-0.045032,6.2367
5.656851,3.327803,0.6422,0.5114,3.136799,-0.025152,6.3278
5.556940,3.328375,0.6270,0.4589,3.135279,-0.005271,6.4169
5.457029,3.328999,0.6225,0.4109,3.135745,0.014598,6.5039
5.357117,3.329483,0.6221,0.3834,3.138024,0.031012,6.5891
5.257205,3.329657,0.5916,0.3806,-3.141243,0.047379,6.6724
5.157292,3.329382,0.5741,0.3929,-3.136392,0.049724,6.7540
5.057383,3.328610,0.5743,0.4153,-3.131307,0.052059,6.8340
4.957478,3.327325,0.5755,0.4304,-3.126166,0.050840,6.9124
4.857582,3.325532,0.5509,0.4533,-3.121148,0.049622,6.9892
4.757695,3.323244,0.5372,0.4953,-3.116251,0.048406,7.0646
4.657821,3.320472,0.5316,0.5520,-3.111475,0.047190,7.1386
4.557961,3.317230,0.5348,0.6193,-3.106821,0.045976,7.2113
4.458116,3.313530,0.5318,0.6943,-3.102288,0.044763,7.2827
4.358290,3.309382,0.5044,0.7746,-3.097876,0.043550,7.3528
4.258482,3.304801,0.4964,0.8522,-3.093585,0.042338,7.4217
4.158695,3.299797,0.4905,0.9234,-3.089416,0.041128,7.4894
4.058929,3.294383,0.4659,0.9461,-3.085367,0.039917,7.5560
3.959185,3.288571,0.4625,0.9658,-3.081439,0.038708,7.6216
3.859465,3.282374,0.4687,0.9828,-3.077632,0.037499,7.6861
3.759768,3.275803,0.4752,0.9866,-3.073946,0.036290,7.7495
3.660096,3.268871,0.4822,1.0000,-3.070380,0.035082,7.8120
3.560449,3.261589,0.4722,1.0131,-3.066935,0.033875,7.8735
3.460827,3.253970,0.4530,1.0175,-3.063611,0.032667,7.9341
3.361230,3.246026,0.4557,1.0313,-3.060408,0.031461,7.9939
3.261659,3.237769,0.4639,1.0465,-3.057325,0.030254,8.0527
3.162114,3.229211,0.4725,1.0532,-3.054362,0.029048,8.1107
3.062593,3.220365,0.4574,1.0675,-3.051520,0.027842,8.1678
2.963098,3.211241,0.4432,1.0660,-3.048799,0.026636,8.2242
2.863627,3.201853,0.4514,1.0717,-3.046198,0.025430,8.2798
2.764181,3.192211,0.4609,1.0863,-3.043717,0.024225,8.3346
2.664758,3.182330,0.4401,1.0817,-3.041357,0.023020,8.3887
2.565358,3.172219,0.4303,1.0790,-3.039117,0.021814,8.4421
2.465980,3.161892,0.4406,1.0822,-3.036998,0.020609,8.4948
2.366624,3.151361,0.4512,1.0887,-3.034999,0.019404,8.5467
2.267288,3.140636,0.4550,1.0907,-3.033120,0.018199,8.5981
2.167972,3.129731,0.4374,1.0888,-3.031362,0.016995,8.6487
2.068675,3.118658,0.4327,1.0958,-3.029724,0.015790,8.6988
1.969395,3.107428,0.4440,1.1069,-3.028207,0.014585,8.7482
1.870132,3.096053,0.4554,1.0970,-3.026810,0.013380,8.7970
1.770884,3.084546,0.4344,1.0961,-3.025533,0.012175,8.8452
1.671650,3.072917,0.4338,1.1041,-3.024377,0.010971,8.8928
1.572429,3.061180,0.4398,1.1103,-3.023341,0.009766,8.9399
1.473220,3.049347,0.4517,1.1015,-3.022425,0.008561,8.9677
1.374020,3.037428,0.4434,1.1017,-3.021630,0.007357,8.9143
1.274829,3.025437,0.4335,1.1108,-3.020955,0.006152,8.8603
1.175646,3.013384,0.4379,1.1124,-3.020401,0.004947,8.8057
1.076469,3.001282,0.4500,1.1049,-3.019967,0.003743,8.7505
0.977296,2.989144,0.4434,1.1064,-3.019653,0.002538,8.6946
0.878127,2.976980,0.4290,1.0931,-3.019459,0.001333,8.6381
0.778958,2.964803,0.4375,1.0113,-3.019386,0.000129,8.5810
0.679791,2.952625,0.4496,0.9330,-3.019434,-0.001076,8.5231
0.580621,2.940457,0.4617,0.8592,-3.019601,-0.002281,8.4645
0.481449,2.928312,0.4737,0.7911,-3.019890,-0.003485,8.4053
0.382273,2.916202,0.4858,0.7305,-3.020298,-0.004690,8.3452
0.283091,2.904138,0.4978,0.6792,-3.020827,-0.005895,8.2844
0.183902,2.892132,0.4827,0.6319,-3.021476,-0.007099,8.2229
0.084705,2.880197,0.4735,0.5924,-3.022245,-0.008304,8.1605
-0.014502,2.868344,0.4851,0.5679,-3.023135,-0.009509,8.0973
-0.113721,2.856586,0.4967,0.5562,-3.024146,-0.010714,8.0332
-0.212952,2.844933,0.5067,0.5446,-3.025276,-0.011918,7.9683
-0.312197,2.833399,0.4861,0.5373,-3.026527,-0.013123,7.9024
-0.411456,2.821995,0.4802,0.5486,-3.027898,-0.014328,7.8356
-0.510733,2.810733,0.4893,0.5774,-3.029390,-0.015533,7.7679
-0.610026,2.799625,0.4656,0.6072,-3.031002,-0.016737,7.6991
-0.709338,2.788683,0.4626,0.6510,-3.032735,-0.017942,7.6293
-0.808669,2.777919,0.4733,0.7064,-3.034588,-0.019147,7.5585
-0.908021,2.767345,0.4839,0.7710,-3.036561,-0.020352,7.4865
-1.007394,2.756974,0.4796,0.8426,-3.038654,-0.021557,7.4134
-1.106789,2.746816,0.4643,0.9197,-3.040869,-0.022762,7.3391
-1.206207,2.736884,0.4641,1.0009,-3.043203,-0.023968,7.2636
-1.305649,2.727191,0.4592,1.0854,-3.045658,-0.025173,7.1868
-1.405114,2.717748,0.4401,1.1195,-3.048233,-0.026379,7.1087
-1.504604,2.708567,0.4421,1.1217,-3.050929,-0.027585,7.0292
-1.604119,2.699660,0.4243,1.1330,-3.053745,-0.028790,6.9482
-1.703660,2.691039,0.4140,1.1400,-3.056682,-0.029997,6.8658
-1.803225,2.682717,0.4203,1.1317,-3.059740,-0.031203,6.7818
-1.902816,2.674705,0.4283,1.1278,-3.062917,-0.032406,6.6961
-2.002432,2.667009,0.4081,1.1331,-3.066031,-0.029923,6.6088
-2.102071,2.659612,0.3933,1.1403,-3.068897,-0.027425,6.5196
-2.201728,2.652463,0.4004,1.1516,-3.070771,-0.010099,6.4286
-2.301392,2.645414,0.4075,1.1502,-3.070915,0.007230,6.3356
-2.401050,2.638288,0.4146,1.1575,-3.069141,0.028287,6.2405
-2.500688,2.630879,0.4220,1.1730,-3.065262,0.049344,6.1432
-2.600288,2.622980,0.4299,1.1725,-3.059280,0.070402,6.0436
-2.699829,2.614380,0.4385,1.1712,-3.051194,0.091462,5.9415
-2.799289,2.604871,0.4480,1.1774,-3.041004,0.112529,5.8368
-2.898634,2.594244,0.4244,1.1909,-3.028707,0.133609,5.7294
-2.997829,2.582292,0.4193,1.1825,-3.014304,0.154712,5.6189
-3.096826,2.568809,0.4328,1.1742,-2.997791,0.175850,5.5054
-3.195572,2.553588,0.4481,1.1678,-2.979163,0.197040,5.3884
-3.293997,2.536426,0.4653,1.1680,-2.958415,0.218305,5.2754
-3.392026,2.517122,0.4758,1.1681,-2.935537,0.239671,5.1662
-3.489563,2.495476,0.4684,1.1565,-2.910518,0.261171,5.0604
-3.586502,2.471292,0.4799,1.1507,-2.883343,0.282847,4.9579
-3.682718,2.444379,0.5069,1.1509,-2.853990,0.304744,4.8581
-3.778070,2.414549,0.5258,1.1390,-2.822438,0.326921,4.7610
-3.872396,2.381622,0.5300,1.1257,-2.788651,0.349440,4.6661
-3.965515,2.345421,0.5557,1.0945,-2.752597,0.372383,4.5732
-4.057221,2.305782,0.5690,1.0551,-2.714223,0.395831,4.4822
-4.147288,2.262547,0.5713,1.0136,-2.673479,0.419895,4.3928
-4.235461,2.215573,0.5814,0.9767,-2.630292,0.444686,4.3047
-4.321460,2.164729,0.5731,0.9446,-2.584590,0.470350,4.2180
-4.404973,2.109901,0.5761,0.9099,-2.536270,0.497034,4.1323
-4.485662,2.050994,0.5993,0.8590,-2.485230,0.524937,4.0478
-4.563148,1.987940,0.6018,0.8124,-2.431326,0.554258,3.9642
-4.637026,1.920691,0.6229,0.7707,-2.374419,0.585267,3.8817
-4.706842,1.849242,0.6241,0.7205,-2.314309,0.618237,3.8003
-4.772115,1.773617,0.6429,0.6670,-2.250801,0.653553,3.7204
-4.832308,1.693897,0.6616,0.6190,-2.183621,0.691594,3.6424
-4.886853,1.610207,0.6673,0.5778,-2.112496,0.732891,3.5668
-4.935122,1.522758,0.6724,0.5446,-2.037041,0.778012,3.4948
-4.976453,1.431818,0.6600,0.5094,-1.956872,0.827861,3.4279
-5.010119,1.337785,0.6397,0.4770,-1.871428,0.883201,3.3685
-5.035366,1.241142,0.6392,0.4554,-1.780178,0.945015,3.3199
-5.051378,1.142568,0.6477,0.4327,-1.682318,1.014878,3.2874
-5.057375,1.042863,0.6672,0.4149,-1.578611,1.063440,3.2661
-5.052754,0.943122,0.6857,0.3956,-1.469352,1.125764,3.2649
-5.037169,0.844496,0.7106,0.3872,-1.359691,1.071630,3.2636
-5.011114,0.748072,0.7490,0.3938,-1.254735,1.031729,3.2802
-4.975336,0.654836,0.8065,0.4149,-1.155219,0.961415,3.3062
-4.930765,0.565446,0.8573,0.4469,-1.062328,0.899735,3.3497
-4.878353,0.480427,0.9177,0.4714,-0.975328,0.842514,3.4048
-4.818965,0.400107,0.9903,0.5071,-0.893777,0.791070,3.4684
-4.753422,0.324733,1.0719,0.5359,-0.817088,0.744576,3.5379
-4.682449,0.254435,1.1044,0.5738,-0.744857,0.702090,3.6115
